2026-03-10_18-18-15,0,draft.go:2026-03-10_18-18-15
2026-03-16_18-15-29,0,draft.go:2026-03-10_18-18-15
2026-03-16_18-15-30,0,draft.go:2026-03-10_18-18-15
2026-03-16_18-18-52,---,draft.go:2026-03-10_18-18-15
2026-03-16_18-20-24,---,draft.go:2026-03-10_18-18-15
2026-03-16_18-20-53,---,draft.go:2026-03-10_18-18-15
2026-03-16_18-21-22,---,draft.go:2026-03-10_18-18-15
2026-03-16_18-22-08,---,draft.go:2026-03-10_18-18-15
2026-03-16_18-23-11,---,draft.go:2026-03-10_18-18-15
2026-03-17_16-48-34,0,draft.go:2026-03-10_18-18-15
2026-03-17_16-55-03,0,draft.go:2026-03-10_18-18-15
2026-03-17_17-04-13,0,draft.go:2026-03-10_18-18-15
2026-03-17_17-19-47,0,draft.go:2026-03-10_18-18-15
2026-03-23_02-36-06,0,draft.go:2026-03-10_18-18-15
2026-03-23_02-41-07,0,draft.go:2026-03-23_02-41-07
2026-03-23_02-41-26,6,draft.go:2026-03-23_02-41-26
2026-03-23_02-44-47,100,draft.go:2026-03-23_02-44-47
2026-03-23_02-44-56,100,draft.go:2026-03-23_02-44-47
2026-03-23_02-45-02,100,draft.go:2026-03-23_02-44-47
2026-03-23_02-45-16,100,draft.go:2026-03-23_02-44-47
2026-03-23_02-45-17,100,draft.go:2026-03-23_02-44-47
2026-03-24_17-36-15,100,draft.go:2026-03-23_02-44-47
