2026-03-10_17-32-05,0,draft.go:2026-03-10_17-32-05
2026-03-10_17-40-26,0,draft.go:2026-03-10_17-40-26
2026-03-10_17-43-11,0,draft.go:2026-03-10_17-43-11
2026-03-10_17-44-27,0,draft.go:2026-03-10_17-44-27
2026-03-10_17-52-12,---,draft.go:2026-03-10_17-44-27
2026-03-10_17-56-09,0,draft.go:2026-03-10_17-56-09
2026-03-10_17-57-37,100,draft.go:2026-03-10_17-57-37
2026-04-14_16-43-46,0,draft.go:2026-04-14_16-43-46
2026-04-14_16-48-10,0,draft.go:2026-04-14_16-48-10
2026-04-14_16-53-27,0,draft.go:2026-04-14_16-53-27
2026-04-14_16-54-42,0,draft.go:2026-04-14_16-54-42
2026-04-14_16-55-13,0,draft.go:2026-04-14_16-55-13
2026-04-14_16-56-36,0,draft.go:2026-04-14_16-56-36
2026-04-14_16-56-37,0,draft.go:2026-04-14_16-56-37
2026-04-14_16-59-27,0,draft.go:2026-04-14_16-59-27
2026-04-14_17-00-43,0,draft.go:2026-04-14_17-00-43
2026-04-14_17-00-53,0,draft.go:2026-04-14_17-00-53
2026-04-14_17-01-25,---,draft.go:2026-04-14_17-01-25
2026-04-14_17-02-12,0,draft.go:2026-04-14_17-02-12
2026-04-14_17-02-13,---,draft.go:2026-04-14_17-02-12
2026-04-14_17-15-25,0,draft.go:2026-04-14_17-15-25
2026-04-14_17-15-36,0,draft.go:2026-04-14_17-15-25
2026-04-14_17-15-41,0,draft.go:2026-04-14_17-15-41
2026-04-14_17-15-49,0,draft.go:2026-04-14_17-15-49
2026-04-14_17-15-55,0,draft.go:2026-04-14_17-15-55
2026-04-14_17-16-02,0,draft.go:2026-04-14_17-16-02
2026-04-14_17-16-43,0,draft.go:2026-04-14_17-16-43
2026-04-14_17-16-48,0,draft.go:2026-04-14_17-16-48
2026-04-14_17-17-23,0,draft.go:2026-04-14_17-17-23
2026-04-14_17-17-29,0,draft.go:2026-04-14_17-17-29
2026-04-14_17-17-36,0,draft.go:2026-04-14_17-17-36
2026-04-14_17-17-41,0,draft.go:2026-04-14_17-17-41
2026-04-14_17-17-49,0,draft.go:2026-04-14_17-17-41
2026-04-14_17-20-03,0,draft.go:2026-04-14_17-20-03
2026-04-14_17-20-26,0,draft.go:2026-04-14_17-20-26
2026-04-14_17-20-45,0,draft.go:2026-04-14_17-20-45
2026-04-14_17-20-56,0,draft.go:2026-04-14_17-20-56
2026-04-14_17-21-56,0,draft.go:2026-04-14_17-21-56
2026-04-14_17-22-06,0,draft.go:2026-04-14_17-22-06
2026-04-14_17-23-00,0,draft.go:2026-04-14_17-23-00
