2026-03-10_18-04-56,0,draft.go:2026-03-10_18-04-56
2026-03-10_18-13-05,100,draft.go:2026-03-10_18-13-05
2026-03-16_18-03-17,100,draft.go:2026-03-10_18-13-05
2026-03-16_18-03-19,100,draft.go:2026-03-10_18-13-05
2026-03-16_18-03-21,100,draft.go:2026-03-10_18-13-05
2026-03-16_18-07-23,---,draft.go:2026-03-10_18-13-05
2026-03-16_18-09-41,100,draft.go:2026-03-10_18-13-05
2026-03-16_18-09-43,100,draft.go:2026-03-10_18-13-05
2026-03-24_17-31-16,100,draft.go:2026-03-10_18-13-05
2026-03-24_17-33-21,100,draft.go:2026-03-10_18-13-05
2026-03-31_16-55-49,100,draft.go:2026-03-10_18-13-05
